{

    "metadata" :
    {
        "formatVersion" : 3,
        "generatedBy"   : "Blender 2.60 Exporter",
        "vertices"      : 148,
        "faces"         : 884,
        "normals"       : 105,
        "colors"        : 0,
        "uvs"           : 322,
        "materials"     : 1,
        "morphTargets"  : 24
    },

    "scale" : 1.000000,

    "materials": [  {
    "DbgColor" : 15658734,
    "DbgIndex" : 0,
    "DbgName" : "monster",
    "colorAmbient" : [0.0, 0.0, 0.0],
    "colorDiffuse" : [0.6400000190734865, 0.6400000190734865, 0.6400000190734865],
    "colorSpecular" : [0.37434511778136503, 0.37434511778136503, 0.37434511778136503],
    "mapDiffuse" : "monster.jpg",
    "mapDiffuseWrap" : ["repeat", "repeat"],
    "shading" : "Lambert",
    "specularCoef" : 50,
    "transparency" : 1.0,
    "vertexColors" : false
    }],

    "vertices": [1,-1,-1,1,-1,1,-1,-1,1,-1,-1,-1,1,1,-1,0.999999,1,1,-1,1,1,-1,1,-1],

    "morphTargets": [
        { "name": "animation_000000", "vertices": [1,-1,-1,1,-1,1,-1,-1,1,-1,-1,-1,1,1,-1,0.999999,1,1,-1,1,1,-1,1,-1]}

    ],

    "normals": [-0.682119,0.682119,-0.263375,-0.515213,0.515213,0.684866,-0.577349,-0.577349,0.577349,-0.354991,-0.354991,-0.864803,0.577349,-0.577349,0.577349,0.301889,-0.301889,-0.904263,0.483352,0.483352,0.729881,0.408246,0.408246,-0.816492,0.396283,0.396283,-0.828181,0.515122,0.515122,0.685018,-0.707083,0.707083,0,-0.3708,0.3708,-0.851466,-0.706839,-0.706839,0.026246,-0.408246,-0.408246,-0.816492,0.578784,-0.578784,-0.574419,0.408246,-0.408246,-0.816492,-0.692099,0.014832,-0.72161,-0.70687,0.015137,-0.707175,-0.625019,-0.624165,0.468734,-0.462844,-0.462172,-0.756401,0.57683,-0.577776,0.57741,0.577013,-0.577624,-0.57738,0.799768,0.017121,-0.600024,0.447279,0.009583,-0.894314,0.505997,0.505997,-0.698508,0.707083,0.707083,0,-0.560076,0.560076,-0.61037,-0.707083,-0.707083,0,-0.577349,-0.577349,-0.577349,0.511795,-0.511795,-0.689993,0.577349,-0.577349,-0.577349,0.31196,-0.936155,-0.162023,-0.296121,-0.906125,-0.30195,-0.039216,-0.947935,0.315989,0.301523,-0.904386,0.301828,-0.301492,0.904538,-0.301431,0.17655,0.933836,-0.311014,0.180944,0.959716,0.214789,-0.301492,0.904508,0.301584,0.301279,0.904599,-0.301492,0.313883,0.943785,-0.103549,-0.231727,0.951201,-0.203619,-0.301706,0.904447,-0.301523,0.303476,-0.903317,-0.30311,0.302438,-0.908017,-0.289834,-0.31016,-0.929991,-0.19715,-0.30314,-0.903439,-0.303079,0.699515,0.714591,0,-0.233528,0.9523,-0.196387,0.699484,0.714591,0,0.660482,-0.750816,0,0.660756,-0.750572,0,-0.301462,-0.90463,-0.301218,0.707083,-0.707083,0,-0.301492,0.904508,0.301492,-0.301492,-0.904508,0.301492,0,0.707083,-0.707083,0.577349,0.577349,-0.577349,0,-0.707083,-0.707083,0.577349,-0.577319,-0.577349,0,0.707083,0.707083,0,-0.707083,0.707083,0,0.554674,-0.832026,0,0.801904,0.5974,0,-0.812281,-0.583239,0,-0.607654,-0.794183,-0.577349,0.577349,-0.577349,-0.302591,-0.907804,-0.290292,-0.301492,0.904508,-0.301492,0,0.681631,0.731651,0.577349,0.577349,0.577349,0,-0.554674,0.832026,0,0.595447,0.803369,0.301492,0.904508,-0.301492,0.301492,0.904508,0.301492,0.301492,-0.904508,-0.301492,0.301492,-0.904508,0.301492,0.308664,0.926023,-0.217231,0,0.703146,0.71099,-0.577349,0.577349,0.577349,0,-0.645375,0.763817,0,0.894406,-0.447188,0,-0.985168,-0.171514,0.235694,0.235694,0.942808,0.706809,0.706809,-0.028718,0.481582,-0.481582,-0.7322,0.370159,-0.370159,0.852016,-0.408246,0.408246,0.816492,-0.314005,-0.314005,0.895962,-0.577349,0.577441,-0.577227,0.371288,0.656941,-0.656148,0.372356,0.655843,0.656636,-0.013794,0.706961,0.707083,-0.577349,-0.577441,-0.577227,0.57741,-0.577776,-0.5768,-0.622211,-0.553423,0.553636,0.577258,-0.576891,0.577868,0.706687,0.029878,-0.70687,0.706504,0.029847,-0.707053,0,0.707114,-0.707083,-0.184423,0.695242,-0.694693,-0.18363,0.694784,0.695334,0,0.707083,0.707114,0.706442,0.029847,0.707114,0.706229,0.029847,0.707297],

    "colors": [],

    "uvs": [[0.796002,0,0.752792,0,0.752792,0.25,0.796002,0.25,0.625,0.421001,0.625,0.377792,0.375,0.377792,0.375,0.421001,0.203999,0.25,0.247208,0.25,0.247208,0,0.203999,0,0.625,0.872208,0.625,0.828999,0.375,0.828999,0.375,0.872208,0.375,0.867771,0.375,0.910614,0.625,0.910614,0.625,0.867771,0.757229,0,0.714386,0,0.714386,0.25,0.757229,0.25,0.625,0.382229,0.625,0.339386,0.375,0.339386,0.375,0.382229,0.242771,0.25,0.285614,0.25,0.285614,0,0.242771,0,0.771799,-0,0.728765,-0,0.728765,0.25,0.771799,0.25,0.625,0.396799,0.625,0.353765,0.375,0.353943,0.375,0.396683,0.228317,0.25,0.271057,0.25,0.271057,-0,0.228317,-0,0.757229,-0,0.714386,-0,0.285614,-0,0.242771,-0,0.125,0,0.125,0.25,0.375,0.25,0.375,0,0.625,0,0.875,0,0.875,0.25,0.625,0.25,0.375,0.75,0.625,0.75,0.625,1,0.375,1,0.625,0.5,0.375,0.5,0.246087,-0,0.203648,-0,0.203648,0.25,0.246087,0.25,0.625,0.871087,0.625,0.828648,0.375,0.828648,0.375,0.871087,0.753913,0.25,0.796352,0.25,0.796352,-0,0.753913,-0,0.375,0.378913,0.375,0.421352,0.625,0.421352,0.625,0.378913,0.458048,1,0.518082,1,0.518924,0.75,0.457866,0.75,0.458048,0.25,0.518082,0.25,0.518082,-0,0.458048,-0,0.457866,0.5,0.518924,0.5,0.249027,0.25,0.292234,0.25,0.292234,0,0.249027,0,0.125,0.198803,0.125,0.009139,0.751519,0,0.70773,0,0.70773,0.25,0.751519,0.25,0.375,0.874027,0.375,0.917234,0.625,0.91727,0.625,0.873481,0.375,0.187705,0.375,0.198803,0.375,0.009139,0.125,0.076303,0.375,0.076303,0.125,0.200118,0.125,0.187705,0.625,0.33273,0.625,0.376519,0.375,0.375973,0.125,0.191621,0.375,0.853317,0.625,0.896235,0.625,0.853201,0.125,0.088716,0.125,0.059783]],